head_cui,head_name,rel,tail_cuis_list,tail_names_list,tail_names,tail_cuis,tail_cuis_len,tail_names_len,avg_match,avg_rouge_l
C0334218,Micronodular regeneration,associated_morphology_of,"['C0267812', 'C0400935', 'C0400944', 'C0400946', 'C0400948', 'C0400948', 'C0400952', 'C1622502', 'C1622502']","['Micronodular cirrhosis', 'Juvenile portal cirrhosis', ""Laennec's cirrhosis, non-alcoholic"", 'Multilobular portal cirrhosis', 'Mixed micro and macronodular cirrhosis', 'Mixed micro and macronodular cirrhosis', 'Bacterial portal cirrhosis', 'Portal cirrhosis unspecified', 'Portal cirrhosis']","Micronodular cirrhosis || Juvenile portal cirrhosis || Laennec's cirrhosis, non-alcoholic || Multilobular portal cirrhosis || Mixed micro and macronodular cirrhosis || Bacterial portal cirrhosis || Portal cirrhosis unspecified || Portal cirrhosis",C0267812 || C0400935 || C0400944 || C0400946 || C0400948 || C0400952 || C1622502 || C1622502,8,8,0.0,0.06249999937500001
C0333337,Internal traumatic fistula,associated_morphology_of,['C0156286'],['Urethral false passage'],Urethral false passage,C0156286,1,1,0.0,0.0
C1265733,Multiple embryonic cysts,associated_morphology_of,"['C0158641', 'C0341481']","['Congenital cystic lung', 'Polycystic disease of pancreas']",Congenital cystic lung || Polycystic disease of pancreas,C0158641 || C0341481,2,2,0.0,0.0
C0039147,Syrinx,associated_morphology_of,"['C0039144', 'C0039144', 'C0039145', 'C0039145', 'C0270771', 'C1299005', 'C1299005', 'C1299627', 'C1299627', 'C4511700', 'C4749399']","['Syringomyelia', 'Syringomyelia', 'Syringomyelia and syringobulbia', 'Syringomyelia and syringobulbia', 'Syringobulbia', 'Post-traumatic syrinx', 'Post-traumatic syrinx', 'Congenital syringomyelia', 'Congenital syringomyelia', 'Idiopathic syringomyelia', 'Secondary syringomyelia']",Syringomyelia || Syringomyelia and syringobulbia || Syringobulbia || Post-traumatic syrinx || Congenital syringomyelia || Idiopathic syringomyelia || Secondary syringomyelia,C0039144 || C0039145 || C0270771 || C1299005 || C1299627 || C4511700 || C4749399,7,7,0.0,0.0952380946031746
C0332492,Ovoid shape,associated_morphology_of,['C0265727'],['Platypellic pelvis'],Platypellic pelvis,C0265727,1,1,0.0,0.0
C0333218,Foreign body embolus,associated_morphology_of,"['C3494939', 'C3494939', 'C3697570', 'C3697791']","['Talc embolism', 'Talc embolism', 'Barium sulfate embolism', 'Methyl methacrylate embolism']",Talc embolism || Barium sulfate embolism || Methyl methacrylate embolism,C3494939 || C3697570 || C3697791,3,3,0.0,0.0
C0333638,Lipochrome pigmentation,associated_morphology_of,['C0751383'],['Juvenile neuronal ceroid lipofuscinosis'],Juvenile neuronal ceroid lipofuscinosis,C0751383,1,1,0.0,0.0
C0041182,Trophoblastic neoplasm,associated_morphology_of,"['C0008493', 'C0020217', 'C0334529', 'C0349557', 'C0678213', 'C1135868']","['Molar pregnancy with invasive hydatidiform mole', 'Hydatidiform mole', 'Partial hydatidiform mole', 'Molar pregnancy with choriocarcinoma', 'Complete hydatidiform mole', 'Gestational trophoblastic tumour']",Molar pregnancy with invasive hydatidiform mole || Hydatidiform mole || Partial hydatidiform mole || Molar pregnancy with choriocarcinoma || Complete hydatidiform mole || Gestational trophoblastic tumour,C0008493 || C0020217 || C0334529 || C0349557 || C0678213 || C1135868,6,6,0.0,0.06666666586666668
C0332902,Congenital growth disproportion,associated_morphology_of,"['C0265529', 'C0265529', 'C0265550', 'C0265550', 'C0265550', 'C0265644', 'C0265644', 'C0265644', 'C1450010', 'C1827229', 'C1827229', 'C2919908', 'C4543531', 'C4543532']","['Plagiocephaly', 'Plagiocephaly', 'Anisomelia', 'Anisomelia', 'Anisomelia', 'Asymmetric talipes', 'Asymmetric talipes', 'Asymmetric talipes', 'Postural plagiocephaly', 'Molded baby syndrome', 'Molded baby syndrome', 'Congenital asymmetry of tonsils', 'Elongated left ramus of mandible', 'Elongated right ramus of mandible']",Plagiocephaly || Anisomelia || Asymmetric talipes || Postural plagiocephaly || Molded baby syndrome || Congenital asymmetry of tonsils || Elongated left ramus of mandible || Elongated right ramus of mandible,C0265529 || C0265550 || C0265644 || C1450010 || C1827229 || C2919908 || C4543531 || C4543532,8,8,0.0,0.035714285102040826
C0334465,Myxomatous neoplasm,associated_morphology_of,"['C0027149', 'C0151241', 'C0151241', 'C0406810', 'C0406810', 'C0406810', 'C0406810', 'C1850635', 'C1850635', 'C1960546', 'C1960546', 'C3697137', 'C4553889', 'C4553889']","['Myxoma', 'Atrial myxoma', 'Atrial myxoma', 'Carney complex', 'Carney complex', 'Atrial myxoma with lentigines', 'Atrial myxoma with lentigines', 'Familial atrial myxoma', 'Familial atrial myxoma', 'Myxoma of heart', 'Myxoma of heart', 'Fibrous dysplasia of bone with intramuscular myxoma', 'Carney complex, trismus, pseudocamptodactyly syndrome', 'Carney complex, trismus, pseudocamptodactyly syndrome']","Myxoma || Atrial myxoma || Carney complex || Atrial myxoma with lentigines || Familial atrial myxoma || Myxoma of heart || Fibrous dysplasia of bone with intramuscular myxoma || Carney complex, trismus, pseudocamptodactyly syndrome",C0027149 || C0151241 || C0406810 || C0406810 || C1850635 || C1960546 || C3697137 || C4553889,8,8,0.0,0.0
C0332572,Abnormal color,associated_morphology_of,"['C0235979', 'C0266055', 'C0266056', 'C0266056', 'C0553565', 'C0685912', 'C0685913', 'C1290535', 'C1290535', 'C1290643', 'C1290644']","['Conjunctival discoloration', 'Color changes during tooth formation', 'Pre-eruptive color change of tooth', 'Pre-eruptive color change of tooth', 'Posteruptive color change of tooth', 'Acquired discoloration of enamel', 'Acquired discoloration of enamel associated with aging', 'Intrinsic enamel discoloration of erythroblastosis fetalis', 'Intrinsic enamel discoloration of erythroblastosis fetalis', 'Extrinsic staining of teeth associated with inadequate oral hygiene', 'Extrinsic staining of teeth associated with oral habits']",Conjunctival discoloration || Color changes during tooth formation || Pre-eruptive color change of tooth || Posteruptive color change of tooth || Acquired discoloration of enamel || Acquired discoloration of enamel associated with aging || Intrinsic enamel discoloration of erythroblastosis fetalis || Extrinsic staining of teeth associated with inadequate oral hygiene || Extrinsic staining of teeth associated with oral habits,C0235979 || C0266055 || C0266056 || C0553565 || C0685912 || C0685913 || C1290535 || C1290643 || C1290644,9,9,0.0,0.09523809387755104
C1562276,Cystic epidermoid choristoma,associated_morphology_of,"['C2004597', 'C2004597']","[""Epstein's pearl"", ""Epstein's pearl""]",Epstein's pearl,C2004597,1,1,0.0,0.0
C0221280,Elliptocyte,associated_morphology_of,"['C0013902', 'C0272040', 'C0272041', 'C0272042', 'C0272043', 'C0272044', 'C0272045', 'C0398567', 'C0427480', 'C1846242']","['Hereditary elliptocytosis', 'Hereditary elliptocytosis due to alpha spectrin defect', 'Hereditary elliptocytosis due to beta spectrin defect in self-association', 'Hereditary elliptocytosis due to beta spectrin-ankyrin interaction', 'Hereditary elliptocytosis due to deficiency of protein 4.1', 'Hereditary elliptocytosis due to abnormal protein 4.1', 'Hereditary elliptocytosis due to glycophorin C deficiency', 'Hereditary elliptocytosis with transient poikilocytosis', 'Elliptocytosis', 'Alport syndrome, intellectual disability, midface hypoplasia, elliptocytosis syndrome']","Hereditary elliptocytosis || Hereditary elliptocytosis due to alpha spectrin defect || Hereditary elliptocytosis due to beta spectrin defect in self-association || Hereditary elliptocytosis due to beta spectrin-ankyrin interaction || Hereditary elliptocytosis due to deficiency of protein 4.1 || Hereditary elliptocytosis due to abnormal protein 4.1 || Hereditary elliptocytosis due to glycophorin C deficiency || Hereditary elliptocytosis with transient poikilocytosis || Elliptocytosis || Alport syndrome, intellectual disability, midface hypoplasia, elliptocytosis syndrome",C0013902 || C0272040 || C0272041 || C0272042 || C0272043 || C0272044 || C0272045 || C0398567 || C0427480 || C1846242,10,10,0.0,0.0
C0456487,Peutz Jeghers polyp,associated_morphology_of,"['C0031269', 'C0031269', 'C0265323', 'C0265323']","['Peutz-Jeghers syndrome', 'Peutz-Jeghers syndrome', 'Peutz-Jeghers polyps of small bowel', 'Peutz-Jeghers polyps of small bowel']",Peutz-Jeghers syndrome || Peutz-Jeghers polyps of small bowel,C0031269 || C0265323,2,2,0.0,0.0
C0333254,Leakage of mucus,associated_morphology_of,['C4303987'],['Rectal stump leak'],Rectal stump leak,C4303987,1,1,0.0,0.0
C0221279,Burr cell,associated_morphology_of,['C0427484'],['Echinocytosis'],Echinocytosis,C0427484,1,1,0.0,0.0
C0302299,Congenital non-rotation,associated_morphology_of,"['C0152424', 'C0266194', 'C0266194', 'C0266195', 'C0266195', 'C0266195', 'C0392482', 'C0546268', 'C0546269']","['Common ventricle', 'Failure of rotation of cecum', 'Failure of rotation of cecum', 'Failure of rotation of colon', 'Failure of rotation of colon', 'Failure of rotation of colon', 'Common atrium', 'Single right ventricle', 'Single left ventricle']",Common ventricle || Failure of rotation of cecum || Failure of rotation of colon || Common atrium || Single right ventricle || Single left ventricle,C0152424 || C0266194 || C0266195 || C0392482 || C0546268 || C0546269,6,6,0.0,0.0
C1269784,Venovenous fistula,associated_morphology_of,"['C0267832', 'C0948900', 'C0948900', 'C1263670', 'C1290396', 'C1290396', 'C1290495', 'C1290495', 'C1290495', 'C1290496', 'C1290496', 'C1290496', 'C1290498', 'C1290498', 'C1290498', 'C1290499', 'C1290499', 'C1290499', 'C1290500', 'C1290500', 'C1290500', 'C1299889']","['Acquired portal-systemic shunt', 'Portal systemic vascular shunt disorder', 'Portal systemic vascular shunt disorder', 'Acquired portal-systemic shunt due to cirrhosis', 'Partial portal-systemic vascular shunt', 'Partial portal-systemic vascular shunt', 'Congenital portal-systemic shunt', 'Congenital portal-systemic shunt', 'Congenital portal-systemic shunt', 'Congenital extrahepatic portal-systemic shunt', 'Congenital extrahepatic portal-systemic shunt', 'Congenital extrahepatic portal-systemic shunt', 'Congenital partial portal-systemic shunt', 'Congenital partial portal-systemic shunt', 'Congenital partial portal-systemic shunt', 'Congenital splenorenal shunt', 'Congenital splenorenal shunt', 'Congenital splenorenal shunt', 'Congenital intrahepatic portal-systemic shunt', 'Congenital intrahepatic portal-systemic shunt', 'Congenital intrahepatic portal-systemic shunt', 'Hepatoportal microvascular dysplasia']",Acquired portal-systemic shunt || Portal systemic vascular shunt disorder || Acquired portal-systemic shunt due to cirrhosis || Partial portal-systemic vascular shunt || Congenital portal-systemic shunt || Congenital extrahepatic portal-systemic shunt || Congenital partial portal-systemic shunt || Congenital splenorenal shunt || Congenital intrahepatic portal-systemic shunt || Hepatoportal microvascular dysplasia,C0267832 || C0948900 || C1263670 || C1290396 || C1290495 || C1290496 || C1290498 || C1290499 || C1290500 || C1299889,10,10,0.0,0.0
C1265920,Collagen fibril alteration,associated_morphology_of,['C0271425'],['Elastotic nodules of antihelix'],Elastotic nodules of antihelix,C0271425,1,1,0.0,0.0
C1265820,Ruptured cavity,associated_morphology_of,"['C0340332', 'C0348867']","['Cardiac rupture due to and following acute myocardial infarction', 'Rupture of cardiac wall without hemopericardium as current complication following acute myocardial infarction']",Cardiac rupture due to and following acute myocardial infarction || Rupture of cardiac wall without hemopericardium as current complication following acute myocardial infarction,C0340332 || C0348867,2,2,0.0,0.0
C0206710,Basal cell neoplasm (morphology),associated_morphology_of,"['C0334262', 'C0431086', 'C2937231']","['Trichofolliculoma', 'Sebaceous trichofolliculoma', 'Intraepidermal epithelioma of Jadassohn']",Trichofolliculoma || Sebaceous trichofolliculoma || Intraepidermal epithelioma of Jadassohn,C0334262 || C0431086 || C2937231,3,3,0.0,0.0
C0302144,Mucus retention,associated_morphology_of,"['C0264349', 'C0264349', 'C0264362', 'C5437768']","['Mucoid impaction of bronchi', 'Mucoid impaction of bronchi', 'Bronchocele', 'Congenital bronchocele']",Mucoid impaction of bronchi || Bronchocele || Congenital bronchocele,C0264349 || C0264362 || C5437768,3,3,0.0,0.0
C0025284,Meningeal neoplasm (morphology),associated_morphology_of,"['C0346328', 'C0346328', 'C0347515', 'C0349604', 'C0349604', 'C0349624', 'C0349624', 'C0542564', 'C0542564', 'C1300386', 'C1300386', 'C1300387', 'C1300387', 'C1532014', 'C1532014', 'C3887023', 'C4749348']","['Meningioma of optic nerve sheath', 'Meningioma of optic nerve sheath', 'Spinal meningioma', 'Intracranial meningioma', 'Intracranial meningioma', 'Diffuse melanosis of meninges', 'Diffuse melanosis of meninges', 'Cerebral meningioma', 'Cerebral meningioma', 'Primary optic nerve sheath meningioma', 'Primary optic nerve sheath meningioma', 'Secondary optic nerve sheath meningioma', 'Secondary optic nerve sheath meningioma', 'Meningioma of orbit', 'Meningioma of orbit', 'Meningioma of cerebellum', 'Diffuse leptomeningeal melanocytosis']",Meningioma of optic nerve sheath || Spinal meningioma || Intracranial meningioma || Diffuse melanosis of meninges || Cerebral meningioma || Primary optic nerve sheath meningioma || Secondary optic nerve sheath meningioma || Meningioma of orbit || Meningioma of cerebellum || Diffuse leptomeningeal melanocytosis,C0346328 || C0347515 || C0349604 || C0349624 || C0542564 || C1300386 || C1300387 || C1532014 || C3887023 || C4749348,10,10,0.0,0.0
C0332932,Congenital multiseptation,associated_morphology_of,"['C0266253', 'C0266253', 'C0266253', 'C0266769', 'C0266769', 'C0431564']","['Multiseptate gallbladder', 'Multiseptate gallbladder', 'Multiseptate gallbladder', 'Placenta multipartita', 'Placenta multipartita', 'Lobulated tongue']",Multiseptate gallbladder || Placenta multipartita || Lobulated tongue,C0266253 || C0266769 || C0431564,3,3,0.0,0.0
C0443255,Mesangial expansion,associated_morphology_of,"['C0017662', 'C0268742', 'C0268742', 'C0268743', 'C0268743', 'C0403429', 'C0403430', 'C0403431', 'C0403432', 'C0558726', 'C0558726', 'C0558727', 'C0558727']","['Mesangiocapillary glomerulonephritis', 'Mesangiocapillary glomerulonephritis, type I', 'Mesangiocapillary glomerulonephritis, type I', 'Mesangiocapillary glomerulonephritis, type II', 'Mesangiocapillary glomerulonephritis, type II', 'Mesangiocapillary glomerulonephritis NEC', 'Focal membranoproliferative glomerulonephritis', 'Mesangiocapillary glomerulonephritis type III', 'Mesangiocapillary glomerulonephritis type IV', '[EDTA] Membrano-proliferative glomerulonephritis,type I (proven immunofluorescence / electron microscopy-excluding lupus erythematosus+other specified multi-system disease) associated renal failure', '[EDTA] Membrano-proliferative glomerulonephritis,type I (proven immunofluorescence / electron microscopy-excluding lupus erythematosus+other specified multi-system disease) associated renal failure', '[EDTA] Dense deposit disease, membrano-proliferative glomerulonephritis, type II, (proven by immunofluorescence and/or electronic microscopy) associated with renal failure', '[EDTA] Dense deposit disease, membrano-proliferative glomerulonephritis, type II, (proven by immunofluorescence and/or electronic microscopy) associated with renal failure']","Mesangiocapillary glomerulonephritis || Mesangiocapillary glomerulonephritis, type I || Mesangiocapillary glomerulonephritis, type II || Mesangiocapillary glomerulonephritis NEC || Focal membranoproliferative glomerulonephritis || Mesangiocapillary glomerulonephritis type III || Mesangiocapillary glomerulonephritis type IV || [EDTA] Membrano-proliferative glomerulonephritis,type I (proven immunofluorescence / electron microscopy-excluding lupus erythematosus+other specified multi-system disease) associated renal failure || [EDTA] Dense deposit disease, membrano-proliferative glomerulonephritis, type II, (proven by immunofluorescence and/or electronic microscopy) associated with renal failure",C0017662 || C0268742 || C0268743 || C0403429 || C0403430 || C0403431 || C0403432 || C0558726 || C0558727,9,9,0.0,0.0
C5229494,Abnormally long and slender growth,associated_morphology_of,"['C0003706', 'C0220668', 'C0221358', 'C0265206', 'C0437834', 'C0795970', 'C2931398', 'C4304030']","['Arachnodactyly', 'Congenital contractural arachnodactyly', 'Long narrow head', 'Dolichocephalic dwarfism', 'O/E - hands - arachnodactyly', 'Harrod syndrome', 'Arachnodactyly with abnormal ossification and intellectual disability syndrome', 'Arachnodactyly and intellectual disability with facial dysmorphism syndrome']",Arachnodactyly || Congenital contractural arachnodactyly || Long narrow head || Dolichocephalic dwarfism || O/E - hands - arachnodactyly || Harrod syndrome || Arachnodactyly with abnormal ossification and intellectual disability syndrome || Arachnodactyly and intellectual disability with facial dysmorphism syndrome,C0003706 || C0220668 || C0221358 || C0265206 || C0437834 || C0795970 || C2931398 || C4304030,8,8,0.0,0.06971153669216906
C0333645,Dystrophic atrophy,associated_morphology_of,"['C0432291', 'C1837756', 'C5399785']","['Mandibuloacral dysostosis', 'Mandibuloacral dysplasia with type B lipodystrophy', 'Mandibuloacral dysplasia with type A lipodystrophy']",Mandibuloacral dysostosis || Mandibuloacral dysplasia with type B lipodystrophy || Mandibuloacral dysplasia with type A lipodystrophy,C0432291 || C1837756 || C5399785,3,3,0.0,0.0
C0598798,Lymphoid neoplasm,associated_morphology_of,"['C0153793', 'C0475799']","['Other malignant neoplasm of lymphoid and histiocytic tissue', 'Lymphoreticular tumor']",Other malignant neoplasm of lymphoid and histiocytic tissue || Lymphoreticular tumor,C0153793 || C0475799,2,2,0.0,0.09999999840000001
C0332490,Round shape,associated_morphology_of,"['C0017677', 'C0085656', 'C0154825', 'C0265729', 'C0266185', 'C0406256']","['Geographic tongue', 'Nummular eczema', 'Round hole of retina without detachment', 'Mesatipellic pelvis', 'Congenital duodenal obstruction due to annular pancreas', 'Discoid hand eczema']",Geographic tongue || Nummular eczema || Round hole of retina without detachment || Mesatipellic pelvis || Congenital duodenal obstruction due to annular pancreas || Discoid hand eczema,C0017677 || C0085656 || C0154825 || C0265729 || C0266185 || C0406256,6,6,0.0,0.041666666041666675
C0221434,Bony sclerosis,associated_morphology_of,"['C0025239', 'C0029464', 'C0029464', 'C0264121', 'C0432263', 'C0432263', 'C0432264', 'C0432264', 'C0432264', 'C0432264', 'C4302818', 'C4302818', 'C4304780', 'C4749611']","['Melorheostosis', 'Osteosclerosis', 'Osteosclerosis', 'Piriform sclerosis of ilium', 'Osteosclerosis - Stanescu type', 'Osteosclerosis - Stanescu type', 'Axial osteosclerosis', 'Axial osteosclerosis', 'Osteomesopycnosis', 'Osteomesopycnosis', 'Osteosclerosis, developmental delay, craniosynostosis syndrome', 'Osteosclerosis, developmental delay, craniosynostosis syndrome', 'Chronic symmetric plasma cell osteomyelitis', 'Dentin dysplasia with sclerotic bone syndrome']","Melorheostosis || Osteosclerosis || Piriform sclerosis of ilium || Osteosclerosis - Stanescu type || Axial osteosclerosis || Osteomesopycnosis || Osteosclerosis, developmental delay, craniosynostosis syndrome || Chronic symmetric plasma cell osteomyelitis || Dentin dysplasia with sclerotic bone syndrome",C0025239 || C0029464 || C0264121 || C0432263 || C0432264 || C0432264 || C4302818 || C4304780 || C4749611,9,9,0.0,0.03703703654320988
C0333542,Focal infarct,associated_morphology_of,"['C0264696', 'C0264696']","['Microinfarct of heart', 'Microinfarct of heart']",Microinfarct of heart,C0264696,1,1,0.0,0.0
C0334699,Malignant myoepithelioma,associated_morphology_of,"['C3873259', 'C3873336', 'C3873390']","['Primary myoepithelial carcinoma of oropharynx', 'Primary myoepithelial carcinoma of lung', 'Primary myoepithelial carcinoma of trachea']",Primary myoepithelial carcinoma of oropharynx || Primary myoepithelial carcinoma of lung || Primary myoepithelial carcinoma of trachea,C3873259 || C3873336 || C3873390,3,3,0.0,0.0
C0332528,Decreased thickness,associated_morphology_of,['C1290725'],['Thin alveolar housing'],Thin alveolar housing,C1290725,1,1,0.0,0.0
C0474827,Malignant lipomatous tumor morphology,associated_morphology_of,"['C0023827', 'C0205824', 'C0205825', 'C0206634', 'C0334469', 'C0334471', 'C0346117', 'C0346346', 'C1275274', 'C1275275', 'C2063389']","['Liposarcoma', 'Dedifferentiated liposarcoma', 'Pleomorphic liposarcoma', 'Myxoid liposarcoma', 'Sclerosing liposarcoma', 'Round cell liposarcoma', 'Liposarcoma', 'Liposarcoma of orbit', 'Adipocytic liposarcoma', 'Spindle cell liposarcoma', 'Liposarcoma of retroperitoneum']",Liposarcoma || Dedifferentiated liposarcoma || Pleomorphic liposarcoma || Myxoid liposarcoma || Sclerosing liposarcoma || Round cell liposarcoma || Liposarcoma of orbit || Adipocytic liposarcoma || Spindle cell liposarcoma || Liposarcoma of retroperitoneum,C0346117 || C0205824 || C0205825 || C0206634 || C0334469 || C0334471 || C0346346 || C1275274 || C1275275 || C2063389,10,10,0.0,0.0
C0332837,Traumatic implant,associated_morphology_of,"['C0438331', 'C0438346']","['Splinter of anus, without major open wound', 'Splinter of anus without major open wound, infected']","Splinter of anus, without major open wound || Splinter of anus without major open wound, infected",C0438331 || C0438346,2,2,0.0,0.0
C0149722,Hutchinson's melanotic freckle,associated_morphology_of,['C0149722'],['Lentigo maligna'],Lentigo maligna,C0149722,1,1,0.0,0.0
C1318543,Tenosynovial giant cell tumor,associated_morphology_of,"['C0588125', 'C0588125', 'C0588125']","['Nodular tenosynovitis', 'Nodular tenosynovitis', 'Nodular tenosynovitis']",Nodular tenosynovitis,C0588125,1,1,0.0,0.0
C0332896,Abnormally short and broad growth,associated_morphology_of,"['C0152415', 'C0152415', 'C0220658', 'C4707825']","['Tongue tie', 'Tongue tie', 'Acrocephalosyndactyly type V', 'X-linked cleft palate and ankyloglossia']",Tongue tie || Acrocephalosyndactyly type V || X-linked cleft palate and ankyloglossia,C0152415 || C0220658 || C4707825,3,3,0.0,0.06666666500000006
C0333681,Sex chromosome mosaicism,associated_morphology_of,"['C1290455', 'C1290455']","['Gynandromorphism syndrome', 'Gynandromorphism syndrome']",Gynandromorphism syndrome,C1290455,1,1,0.0,0.0
C0225358,Muscularis propria,associated_morphology_of,['C0266833'],['Hereditary hollow viscus myopathy'],Hereditary hollow viscus myopathy,C0266833,1,1,0.0,0.0
C0334660,Intravascular large B-cell lymphoma,associated_morphology_of,['C0334660'],['Angioendotheliomatosis'],Angioendotheliomatosis,C0334660,1,1,0.0,0.0
C0334541,"Hemangiopericytoma, benign",associated_morphology_of,"['C0346256', 'C0346256']","['Hemangiopericytoma of kidney', 'Hemangiopericytoma of kidney']",Hemangiopericytoma of kidney,C0346256,1,1,0.0,0.0
C0406803,Papillary syringadenoma,associated_morphology_of,"['C0346023', 'C0346023']","['Syringocystadenoma', 'Syringocystadenoma']",Syringocystadenoma,C0346023,1,1,0.0,0.0
C0002959,Angiectasia,associated_morphology_of,"['C0267210', 'C0267210', 'C0267211', 'C0267211', 'C0267368', 'C0267368', 'C0267369', 'C0267369', 'C0267369', 'C0267369', 'C0267369', 'C0267369', 'C0267369', 'C0267369', 'C0267369', 'C0267369', 'C0267369', 'C0267369', 'C0267369', 'C0267369', 'C0267369', 'C0267370', 'C0269681', 'C0269681', 'C0340847', 'C4305487', 'C4305487', 'C4305498', 'C4720850']","['Pyloric antral vascular ectasia', 'Pyloric antral vascular ectasia', 'Vascular ectasia of gastric antrum', 'Vascular ectasia of gastric antrum', 'Vascular ectasia of small intestine', 'Vascular ectasia of small intestine', 'Vascular ectasia of cecum', 'Vascular ectasia of cecum', 'Vascular ectasia of cecum', 'Vascular ectasia of cecum', 'Vascular ectasia of cecum', 'Vascular ectasia of cecum', 'Vascular ectasia of cecum', 'Vascular ectasia of cecum', 'Vascular ectasia of cecum', 'Vascular ectasia of cecum', 'Vascular ectasia of cecum', 'Vascular ectasia of cecum', 'Vascular ectasia of cecum', 'Vascular ectasia of cecum', 'Vascular ectasia of cecum', 'Vascular ectasia of colon', 'Angiectasis pregnancy', 'Angiectasis pregnancy', ""Weber's true diffuse phlebarteriectasis"", 'Vascular ectasia of duodenum', 'Vascular ectasia of duodenum', 'Vascular ectasia of stomach', 'Angiodysplasia of gastrointestinal tract']",Pyloric antral vascular ectasia || Vascular ectasia of gastric antrum || Vascular ectasia of small intestine || Vascular ectasia of cecum || Vascular ectasia of colon || Angiectasis pregnancy || Weber's true diffuse phlebarteriectasis || Vascular ectasia of duodenum || Vascular ectasia of stomach || Angiodysplasia of gastrointestinal tract,C0267210 || C0267211 || C0267368 || C0267369 || C0267370 || C0269681 || C0340847 || C4305487 || C4305498 || C4720850,10,10,0.0,0.0
C1301169,Pyknocyte,associated_morphology_of,['C0427481'],['Pyknocytosis'],Pyknocytosis,C0427481,1,1,0.0,0.0
C0332952,Congenital invagination,associated_morphology_of,"['C0011320', 'C0011320', 'C3266061', 'C3266061', 'C3266063', 'C3266063']","['Dens in dente', 'Dens in dente', 'Dilated odontoma', 'Dilated odontoma', 'Radicular dens invaginatus', 'Radicular dens invaginatus']",Dens in dente || Dilated odontoma || Radicular dens invaginatus,C0011320 || C3266061 || C3266063,3,3,0.0,0.0
C1265721,"Transposition, left",associated_morphology_of,"['C1275809', 'C1275809', 'C1275809']","['L - transposition of the great vessels', 'L - transposition of the great vessels', 'L - transposition of the great vessels']",L - transposition of the great vessels,C1275809,1,1,0.0,0.0
C0019621,"Langerhans cell histiocytosis, multifocal",associated_morphology_of,"['C0019621', 'C0019621']","['Hand-Schüller-Christian disease', 'Hand-Schüller-Christian disease']",Hand-Schüller-Christian disease,C0019621,1,1,0.0,0.0
C0008479,"Chondrosarcoma, no ICD-O subtype",associated_morphology_of,"['C1335473', 'C4076134', 'C4076519', 'C4076526', 'C4510314', 'C4510315', 'C4510315', 'C4510316', 'C4510316', 'C4510317', 'C4510318', 'C4510318', 'C4510318', 'C4543928']","['Primary chondrosarcoma of bone', 'Primary chondrosarcoma of bone of upper limb', 'Primary chondrosarcoma of bone of pelvis', 'Primary chondrosarcoma of bone of lower limb', 'Primary chondrosarcoma of bone of limb', 'Primary chondrosarcoma of articular cartilage of limb', 'Primary chondrosarcoma of articular cartilage of limb', 'Primary chondrosarcoma of articular cartilage of rib', 'Primary chondrosarcoma of articular cartilage of rib', 'Primary chondrosarcoma of bone of rib', 'Primary chondrosarcoma of articular cartilage of pelvis', 'Primary chondrosarcoma of articular cartilage of pelvis', 'Primary chondrosarcoma of articular cartilage of pelvis', 'Primary chondrosarcoma of articular cartilage']",Primary chondrosarcoma of bone || Primary chondrosarcoma of bone of upper limb || Primary chondrosarcoma of bone of pelvis || Primary chondrosarcoma of bone of lower limb || Primary chondrosarcoma of bone of limb || Primary chondrosarcoma of articular cartilage of limb || Primary chondrosarcoma of articular cartilage of rib || Primary chondrosarcoma of bone of rib || Primary chondrosarcoma of articular cartilage of pelvis || Primary chondrosarcoma of articular cartilage,C1335473 || C4076134 || C4076519 || C4076526 || C4510314 || C4510315 || C4510316 || C4510317 || C4510318 || C4543928,10,10,0.0,0.0
C0008309,Bile duct adenoma,associated_morphology_of,"['C0008309', 'C0008309']","['Cholangioadenoma', 'Cholangioadenoma']",Cholangioadenoma,C0008309,1,1,0.0,0.0
C0333423,Fibrinoid necrotizing inflammation,associated_morphology_of,"['C0265017', 'C0265017']","['Rheumatoid aortitis', 'Rheumatoid aortitis']",Rheumatoid aortitis,C0265017,1,1,0.0,0.0
C0334342,Skin appendage adenoma,associated_morphology_of,"['C0346007', 'C0406785', 'C0406785', 'C0406785']","['Trichoadenoma', 'Neonatal adnexal polyp', 'Neonatal adnexal polyp', 'Neonatal adnexal polyp']",Trichoadenoma || Neonatal adnexal polyp,C0346007 || C0406785,2,2,0.0,0.0
C0016390,Foam cell,associated_morphology_of,"['C0028064', 'C0220756', 'C0268242', 'C0268243', 'C0268244', 'C0268245', 'C0268246', 'C0268247', 'C0268248']","['Sphingomyelin/cholesterol lipidosis', 'Niemann-Pick disease, type C', 'Niemann-Pick disease, type A', 'Niemann-Pick disease, type B', 'Niemann-Pick disease, type C, acute form', 'Niemann-Pick disease, type C, subacute form', 'Niemann-Pick disease, type C, chronic form', 'Niemann-Pick disease, type D', 'Niemann-Pick disease, type E']","Sphingomyelin/cholesterol lipidosis || Niemann-Pick disease, type C || Niemann-Pick disease, type A || Niemann-Pick disease, type B || Niemann-Pick disease, type C, acute form || Niemann-Pick disease, type C, subacute form || Niemann-Pick disease, type C, chronic form || Niemann-Pick disease, type D || Niemann-Pick disease, type E",C0028064 || C0220756 || C0268242 || C0268243 || C0268244 || C0268245 || C0268246 || C0268247 || C0268248,9,9,0.0,0.0
C0334369,"Comedocarcinoma, noninfiltrating",associated_morphology_of,['C4544964'],['Ductal comedocarcinoma in situ of breast'],Ductal comedocarcinoma in situ of breast,C4544964,1,1,0.0,0.0
C1265825,Multifocal inflammation,associated_morphology_of,"['C0263733', 'C0263733']","['Idiopathic polyarthritis', 'Idiopathic polyarthritis']",Idiopathic polyarthritis,C0263733,1,1,0.0,0.0
C1265981,Fibrosis AND/OR repair abnormality,associated_morphology_of,['C0339543'],['Epiretinal membrane'],Epiretinal membrane,C0339543,1,1,0.0,0.0
C1265777,Generalized telangiectasis,associated_morphology_of,['C4305323'],['Cutaneous collagenous vasculopathy'],Cutaneous collagenous vasculopathy,C4305323,1,1,0.0,0.0
C0334134,Reticulin fibrosis,associated_morphology_of,"['C0001815', 'C0026987', 'C0026987', 'C0242006', 'C0334674', 'C0334674', 'C3697350', 'C3805232', 'C3805233', 'C4755251']","['Myelosclerosis with myeloid metaplasia', 'Myelofibrosis', 'Myelofibrosis', 'Myelofibrosis due to another disorder', 'Acute panmyelosis with myelofibrosis', 'Acute panmyelosis with myelofibrosis', 'Ischemic myelofibrosis', 'Post-polycythemia vera myelofibrosis', 'Post-essential thrombocythemia myelofibrosis', 'Congenital neutropenia, myelofibrosis, nephromegaly syndrome']","Myelosclerosis with myeloid metaplasia || Myelofibrosis || Myelofibrosis due to another disorder || Acute panmyelosis with myelofibrosis || Ischemic myelofibrosis || Post-polycythemia vera myelofibrosis || Post-essential thrombocythemia myelofibrosis || Congenital neutropenia, myelofibrosis, nephromegaly syndrome",C0001815 || C0026987 || C0242006 || C0334674 || C3697350 || C3805232 || C3805233 || C4755251,8,8,0.0,0.0
C1314743,Steatocystomas,associated_morphology_of,"['C0259771', 'C4304819', 'C4304819']","['Steatocystoma multiplex', 'Steatocystoma multiplex with natal tooth syndrome', 'Steatocystoma multiplex with natal tooth syndrome']",Steatocystoma multiplex || Steatocystoma multiplex with natal tooth syndrome,C0259771 || C4304819,2,2,0.0,0.0
C0333528,Mummification,associated_morphology_of,"['C0156724', 'C0156724', 'C0277758', 'C0277758', 'C3714710', 'C3714710']","['Fetus papyraceus', 'Fetus papyraceous', 'Mummified body', 'Mummified body', 'Mummified fetus', 'Mummified fetus']",Fetus papyraceus || Fetus papyraceous || Mummified body || Mummified fetus,C0156724 || C0156724 || C0277758 || C3714710,4,4,0.0,0.0
C0011174,Dehydrated structure,associated_morphology_of,['C0264300'],['Laryngitis sicca'],Laryngitis sicca,C0264300,1,1,0.0,0.0
C0474800,Benign squamous cell tumor,associated_morphology_of,"['C0349549', 'C0349549']","['Intraduct papilloma of pancreas', 'Intraduct papilloma of pancreas']",Intraduct papilloma of pancreas,C0349549,1,1,0.0,0.0
C0028880,Odontogenic neoplasm (morphology),associated_morphology_of,"['C0266108', 'C0349570', 'C1390555', 'C3164301']","['Temporal odontoma', 'Odontogenic tumor of jaw', 'Odontoma of upper jaw', 'Odontoma of lower jaw']",Temporal odontoma || Odontogenic tumor of jaw || Odontoma of upper jaw || Odontoma of lower jaw,C0266108 || C0349570 || C1390555 || C3164301,4,4,0.0,0.07142857020408165
C0332495,Funnel shape,associated_morphology_of,['C0265726'],['Funnel-shaped pelvis'],Funnel-shaped pelvis,C0265726,1,1,0.0,0.0
C0007120,Bronchiolo-alveolar adenocarcinoma,associated_morphology_of,"['C0007120', 'C0007120', 'C0007120']","['Bronchioloalveolar carcinoma - disorder', 'Bronchioloalveolar carcinoma - disorder', 'Bronchioloalveolar carcinoma - disorder']",Bronchioloalveolar carcinoma - disorder,C0007120,1,1,0.0,0.0
C0002793,Dedifferentiation,associated_morphology_of,['C0269193'],['Anaplasia of cervix'],Anaplasia of cervix,C0269193,1,1,0.0,0.0
C3495361,Gigantiform cementoma,associated_morphology_of,['C0555197'],['Florid cemento-osseous dysplasia'],Florid cemento-osseous dysplasia,C0555197,1,1,0.0,0.0
C1280751,Focal enlargement,associated_morphology_of,"['C0017571', 'C0017571']","['Gingival pocket', 'Gingival pocket']",Gingival pocket,C0017571,1,1,0.0,0.0
C1265975,Inflamed polyp,associated_morphology_of,['C0345892'],['Inflammatory fibroid polyposis of intestine'],Inflammatory fibroid polyposis of intestine,C0345892,1,1,0.0,0.0
C0333954,Subinvolution,associated_morphology_of,"['C0426265', 'C0426265']","['Sub-involution of uterus', 'Sub-involution of uterus']",Sub-involution of uterus,C0426265,1,1,0.0,0.0
C0333938,Sudanophilic stain reaction,associated_morphology_of,"['C0205711', 'C0393656', 'C0393657', 'C0393658', 'C0393659', 'C0393660', 'C0751916']","['Pelizaeus-Merzbacher disease', 'Pelizaeus-Merzbacher disease, connatal variant', 'Type III transitional Pelizaeus-Merzbacher disease', 'Type IV adult Pelizaeus-Merzbacher disease', 'Type V atypical Pelizaeus-Merzbacher disease', 'Type VI Cockayne Pelizaeus-Merzbacher disease', 'Pelizaeus-Merzbacher disease, classic form']","Pelizaeus-Merzbacher disease || Pelizaeus-Merzbacher disease, connatal variant || Type III transitional Pelizaeus-Merzbacher disease || Type IV adult Pelizaeus-Merzbacher disease || Type V atypical Pelizaeus-Merzbacher disease || Type VI Cockayne Pelizaeus-Merzbacher disease || Pelizaeus-Merzbacher disease, classic form",C0205711 || C0393656 || C0393657 || C0393658 || C0393659 || C0393660 || C0751916,7,7,0.0,0.0
C0443780,Rhytiocyte,associated_morphology_of,['C0427485'],['Rhytiocytosis'],Rhytiocytosis,C0427485,1,1,0.0,0.0
C0333227,Microembolus,associated_morphology_of,"['C0271078', 'C0271078', 'C0520546', 'C0520546', 'C2721578', 'C4511288']","['Retinal microembolism', 'Retinal microembolism', 'Pulmonary microemboli', 'Pulmonary microemboli', 'Pulmonary oil microembolism', 'Occlusion of microvasculature of skin caused by embolus']",Retinal microembolism || Pulmonary microemboli || Pulmonary oil microembolism || Occlusion of microvasculature of skin caused by embolus,C0271078 || C0520546 || C2721578 || C4511288,4,4,0.0,0.0
C0023869,Lithiasis,associated_morphology_of,"['C0221367', 'C0221367', 'C0267875', 'C0267876', 'C0267877']","['Broncholithiasis', 'Broncholithiasis', 'Calculus of hepatic duct', 'Calculus of hepatic duct without obstruction', 'Calculus of hepatic duct with obstruction']",Broncholithiasis || Calculus of hepatic duct || Calculus of hepatic duct without obstruction || Calculus of hepatic duct with obstruction,C0221367 || C0267875 || C0267876 || C0267877,4,4,0.0,0.0
C0332990,Wolffian body rest,associated_morphology_of,"['C0221366', 'C0266381', 'C0404473', 'C0404473']","[""Embryonic cyst of Gartner's duct"", 'Embryonic cyst of epoophoron', 'Torsion of appendages of the epoophoron', 'Torsion of appendages of the epoophoron']",Embryonic cyst of Gartner's duct || Embryonic cyst of epoophoron || Torsion of appendages of the epoophoron,C0221366 || C0266381 || C0404473,3,3,0.0,0.0
C1265992,Eburnation of dentin,associated_morphology_of,"['C0266857', 'C0266857', 'C0266857']","['Infantile melanodontia', 'Infantile melanodontia', 'Infantile melanodontia']",Infantile melanodontia,C0266857,1,1,0.0,0.0
C1302868,Deposition of cholesterol crystals,associated_morphology_of,"['C0271287', 'C0271407', 'C1274776']","['Schnyder crystalline corneal dystrophy', 'Synchysis scintillans', 'Panniculitis due to cholesterol emboli']",Schnyder crystalline corneal dystrophy || Synchysis scintillans || Panniculitis due to cholesterol emboli,C0271287 || C0271407 || C1274776,3,3,0.0,0.07407407242798357
C0028945,"Oligodendroglioma, no ICD-O subtype",associated_morphology_of,"['C0346286', 'C0346286', 'C0346295', 'C0346295']","['Oligodendroglioma of brain', 'Oligodendroglioma of brain', 'Oligodendroglioma of spinal cord', 'Oligodendroglioma of spinal cord']",Oligodendroglioma of brain || Oligodendroglioma of spinal cord,C0346286 || C0346295,2,2,0.0,0.0
C0273055,Brain stem laceration with open intracranial wound AND prolonged loss of consciousness (more than 24 hours) without return to pre-existing conscious level,associated_morphology_of,"['C0014848', 'C0266143', 'C0348892']","['Achalasia of esophagus', 'Congenital cardiospasm', ""Megaesophagus in Chagas' disease""]",Achalasia of esophagus || Congenital cardiospasm || Megaesophagus in Chagas' disease,C0014848 || C0266143 || C0348892,3,3,0.0,0.02666666596266669
C0334224,"Neoplasm, malignant, uncertain whether primary or metastatic",associated_morphology_of,"['C0153464', 'C0153464', 'C0346331', 'C0346331', 'C0582499', 'C1263711', 'C3665551']","['Malignant neoplasm of retroperitoneum and peritoneum NOS', 'Malignant tumor of peritoneum and retroperitoneum', 'Malignant tumor of acoustic vestibular nerve', 'Malignant tumor of acoustic vestibular nerve', 'Overlapping malignant lesion of retroperitoneum and peritoneum', 'Overlapping malignant neoplasm of retroperitoneum and peritoneum', 'Malignant neoplasm of nasopharyngeal wall']",Malignant neoplasm of retroperitoneum and peritoneum NOS || Malignant tumor of peritoneum and retroperitoneum || Malignant tumor of acoustic vestibular nerve || Overlapping malignant lesion of retroperitoneum and peritoneum || Overlapping malignant neoplasm of retroperitoneum and peritoneum || Malignant neoplasm of nasopharyngeal wall,C0153464 || C0153464 || C0346331 || C0582499 || C1263711 || C3665551,6,6,0.0,0.0
C0544784,Exudative granulomatous inflammation,associated_morphology_of,"['C0406141', 'C0554463', 'C1274354', 'C2937266']","['Staphylococcal botryomycosis', 'Cutaneous botryomycosis', 'Pseudomonal botryomycosis', 'Botryomycosis']",Staphylococcal botryomycosis || Cutaneous botryomycosis || Pseudomonal botryomycosis || Botryomycosis,C0406141 || C0554463 || C1274354 || C2937266,4,4,0.0,0.0
C0205969,"Thymoma, type C",associated_morphology_of,['C4302369'],['Primary thymic carcinoma'],Primary thymic carcinoma,C4302369,1,1,0.0,0.0
C1265901,Abnormal cell structure,associated_morphology_of,"['C4707793', 'C4749291']","['Isochromosomy Yp', 'Isochromosomy Yq']",Isochromosomy Yp || Isochromosomy Yq,C4707793 || C4749291,2,2,0.0,0.0
C0029431,Osteoclast,associated_morphology_of,['C0266882'],['Cementoclasia'],Cementoclasia,C0266882,1,1,0.0,0.0
C0334095,Glandular proliferation,associated_morphology_of,"['C2960001', 'C2960001']","['Tunnel clusters of endocervix', 'Tunnel clusters of endocervix']",Tunnel clusters of endocervix,C2960001,1,1,0.0,0.0
C0007470,Cauterization effect,associated_morphology_of,['C4302119'],['Post polypectomy syndrome'],Post polypectomy syndrome,C4302119,1,1,0.0,0.0
C0345996,Milium,associated_morphology_of,"['C0339106', 'C0339106', 'C0343079', 'C0343079', 'C0345994', 'C0345994', 'C0345995', 'C0345995', 'C0345996', 'C0345996', 'C0345996', 'C0345996', 'C0581929', 'C0581929', 'C1275287', 'C1275287', 'C1275288', 'C1275288', 'C4304581', 'C4304581']","['Milia of eyelid', 'Milia of eyelid', 'Multiple eruptive milia', 'Multiple eruptive milia', 'Primary milia', 'Primary milia', 'Secondary milia', 'Secondary milia', 'Milial cyst', 'Milial cyst', 'Milia', 'Milia', 'On examination milia', 'On examination milia', 'Multiple milia', 'Multiple milia', 'Neonatal milia', 'Neonatal milia', 'Absence of fingerprints with congenital milia syndrome', 'Absence of fingerprints with congenital milia syndrome']",Milia of eyelid || Multiple eruptive milia || Primary milia || Secondary milia || Milial cyst || Milia || On examination milia || Multiple milia || Neonatal milia || Absence of fingerprints with congenital milia syndrome,C0339106 || C0343079 || C0345994 || C0345995 || C0345996 || C0345996 || C0581929 || C1275287 || C1275288 || C4304581,10,10,0.0,0.0
C0545000,Elastic fiber alteration,associated_morphology_of,['C0271425'],['Elastotic nodules of antihelix'],Elastotic nodules of antihelix,C0271425,1,1,0.0,0.0
C0000886,Acanthocyte,associated_morphology_of,"['C0272046', 'C0393576', 'C0687751', 'C1847987', 'C4510408']","['Hereditary acanthocytosis', 'Chorea acanthocytosis syndrome', 'Acanthocytosis', 'Huntington disease-like 2', 'McLeod neuroacanthocytosis syndrome']",Hereditary acanthocytosis || Chorea acanthocytosis syndrome || Acanthocytosis || Huntington disease-like 2 || McLeod neuroacanthocytosis syndrome,C0272046 || C0393576 || C0687751 || C1847987 || C4510408,5,5,0.0,0.0
C1265854,Atrophic degeneration,associated_morphology_of,"['C4274349', 'C4275079', 'C4302668']","['Right temporal lobar atrophy', 'Posterior cortical atrophy syndrome', 'Autosomal dominant cerebellar ataxia, deafness and narcolepsy syndrome']","Right temporal lobar atrophy || Posterior cortical atrophy syndrome || Autosomal dominant cerebellar ataxia, deafness and narcolepsy syndrome",C4274349 || C4275079 || C4302668,3,3,0.0,0.0
C0234918,Morbilliform rash,associated_morphology_of,"['C0014518', 'C0014518', 'C1274191', 'C1274191', 'C1274610', 'C1274610', 'C1274611', 'C1274611', 'C1304159', 'C1304159', 'C3661878', 'C3661878', 'C4518364']","[""Lyell's toxic epidermal necrolysis, subepidermal type"", ""Lyell's toxic epidermal necrolysis, subepidermal type"", 'Toxic epidermal necrolysis due to drug', 'Toxic epidermal necrolysis due to drug', 'Toxic epidermal necrolysis associated with infection', 'Toxic epidermal necrolysis associated with infection', 'Toxic epidermal necrolysis - erythema multiforme overlap syndrome', 'Toxic epidermal necrolysis - erythema multiforme overlap syndrome', 'Toxic epidermal necrolysis due to graft-versus-host disease', 'Toxic epidermal necrolysis due to graft-versus-host disease', 'Stevens Johnson syndrome AND toxic epidermal necrolysis overlap', 'Stevens Johnson syndrome AND toxic epidermal necrolysis overlap', 'Stevens-Johnson and toxic epidermal necrolysis overlap syndrome caused by drug']","Lyell's toxic epidermal necrolysis, subepidermal type || Toxic epidermal necrolysis due to drug || Toxic epidermal necrolysis associated with infection || Toxic epidermal necrolysis - erythema multiforme overlap syndrome || Toxic epidermal necrolysis due to graft-versus-host disease || Stevens Johnson syndrome AND toxic epidermal necrolysis overlap || Stevens-Johnson and toxic epidermal necrolysis overlap syndrome caused by drug",C0014518 || C1274191 || C1274610 || C1274611 || C1304159 || C3661878 || C4518364,7,7,0.0,0.0
C0332869,Developmental immaturity,associated_morphology_of,"['C0266657', 'C0266657', 'C0266748', 'C0266748', 'C1269759', 'C1269759', 'C1269759', 'C1281550', 'C1299645', 'C1299645', 'C4032427', 'C4302259', 'C4302259', 'C4302259', 'C4302259']","['Immature fetus', 'Immature fetus', 'Premature abnormal placenta', 'Premature abnormal placenta', 'Immature autonomic system', 'Immature autonomic system', 'Immature autonomic system', 'Abnormal immature chorionic villi', 'Immature eyes', 'Immature eyes', 'Impaired fetal development', 'Immature ganglionosis of large intestine', 'Immature ganglionosis of large intestine', 'Immature ganglionosis of large intestine', 'Immature ganglionosis of large intestine']",Immature fetus || Premature abnormal placenta || Immature autonomic system || Abnormal immature chorionic villi || Immature eyes || Impaired fetal development || Immature ganglionosis of large intestine,C0266657 || C0266748 || C1269759 || C1281550 || C1299645 || C4032427 || C4302259,7,7,0.0,0.0
C0332464,Widening,associated_morphology_of,"['C0152444', 'C0152444', 'C1290664', 'C1290724', 'C4303979', 'C4511569', 'C4511569', 'C4543963']","['Hydromyelia', 'Hydrorhachis', 'Widened periodontal ligament space', 'Broad alveolar housing', 'Bone widening at ends', 'Congenital wide symphysis pubis', 'Congenital wide symphysis pubis', 'Widening of scar of skin following surgical procedure']",Hydromyelia || Hydrorhachis || Widened periodontal ligament space || Broad alveolar housing || Bone widening at ends || Congenital wide symphysis pubis || Widening of scar of skin following surgical procedure,C0152444 || C0152444 || C1290664 || C1290724 || C4303979 || C4511569 || C4543963,7,7,0.0,0.09285714208750002
C0332844,Spontaneous amputated structure,associated_morphology_of,"['C0001860', 'C0431823', 'C0431942']","['Ainhum', 'Constriction ring of upper limb with acrosyndactyly and amputation', 'Constriction ring syndrome of lower limb with amputation']",Ainhum || Constriction ring of upper limb with acrosyndactyly and amputation || Constriction ring syndrome of lower limb with amputation,C0001860 || C0431823 || C0431942,3,3,0.0,0.0
C0333428,Inflammatory fat necrosis,associated_morphology_of,['C1535976'],['Epiploic appendagitis'],Epiploic appendagitis,C1535976,1,1,0.0,0.0
C0266038,Supernumerary roots,associated_morphology_of,['C0266576'],['Accessory eyelid'],Accessory eyelid,C0266576,1,1,0.0,0.0
C0333623,Hemoglobin pigmentation,associated_morphology_of,"['C0271276', 'C0339251', 'C0339251', 'C0339254', 'C0339254', 'C0339255']","[""Stahli's line"", 'Blood pigmentation of cornea', 'Blood pigmentation of cornea', 'Bloodstaining of cornea', 'Bloodstaining of cornea', 'Corneal hemorrhage']",Stahli's line || Blood pigmentation of cornea || Bloodstaining of cornea || Corneal hemorrhage,C0271276 || C0339251 || C0339254 || C0339255,4,4,0.0,0.08333333222222224
C0241148,Cutaneous plaque,associated_morphology_of,"['C0030491', 'C0162442', 'C0162442', 'C0162852', 'C0263369', 'C0263369', 'C0263370', 'C0263421', 'C0406497', 'C0406498', 'C0406499']","['Parapsoriasis', 'Parapsoriasis en plaques', 'Large plaque parapsoriasis', 'Parapsoriasis varioliformis', 'Parapsoriasis lichenoides', 'Parapsoriasis lichenoides', 'Small plaque parapsoriasis', 'Acrodermatitis atrophicans chronica', 'Parapsoriasis atrophicans', 'Parapsoriasis herpetiformis', 'Parapsoriasis papulata']",Parapsoriasis || Parapsoriasis en plaques || Large plaque parapsoriasis || Parapsoriasis varioliformis || Parapsoriasis lichenoides || Small plaque parapsoriasis || Acrodermatitis atrophicans chronica || Parapsoriasis atrophicans || Parapsoriasis herpetiformis || Parapsoriasis papulata,C0030491 || C0162442 || C0162442 || C0162852 || C0263369 || C0263370 || C0263421 || C0406497 || C0406498 || C0406499,10,10,0.0,0.07999999904000002
C1265606,Verrucous mass,associated_morphology_of,"['C0008582', 'C0008591', 'C0276694', 'C0276694', 'C0343943', 'C0343943', 'C0343944', 'C0343944', 'C0343945', 'C0343945', 'C0343946', 'C0343946', 'C0343947', 'C0343948', 'C0343948']","['Chromoblastomycosis', 'Cutaneous chromomycosis', 'Chromoblastomycosis caused by Fonsecaea compacta', 'Chromoblastomycosis caused by Fonsecaea compacta', 'Cutaneous chromoblastomycosis', 'Cutaneous chromoblastomycosis', 'Primary chromoblastomycotic nodule', 'Primary chromoblastomycotic nodule', 'Cutaneous chromoblastomycotic abscess', 'Cutaneous chromoblastomycotic abscess', 'Lymphocutaneous chromoblastomycosis', 'Lymphocutaneous chromoblastomycosis', 'Systemic chromomycosis', 'Carcinomatous transformation of chromoblastomycosis', 'Carcinomatous transformation of chromoblastomycosis']",Chromoblastomycosis || Cutaneous chromomycosis || Chromoblastomycosis caused by Fonsecaea compacta || Cutaneous chromoblastomycosis || Primary chromoblastomycotic nodule || Cutaneous chromoblastomycotic abscess || Lymphocutaneous chromoblastomycosis || Systemic chromomycosis || Carcinomatous transformation of chromoblastomycosis,C0008582 || C0008591 || C0276694 || C0343943 || C0343944 || C0343945 || C0343946 || C0343947 || C0343948,9,9,0.0,0.0
C0334277,"Adenocarcinoma, metastatic",associated_morphology_of,"['C0022790', 'C0022790', 'C0563512', 'C0585135', 'C0585135', 'C3266221', 'C3266221', 'C3266221', 'C3494606', 'C3494606', 'C3494606', 'C3494607', 'C3494607', 'C3494607', 'C3661544', 'C4302536', 'C4302955', 'C4302955', 'C4302955', 'C4721207']","['Krukenberg tumor', 'Krukenberg tumor', 'Metastasis to ovary of unknown primary', 'Metastatic adenocarcinoma of unknown origin', 'Metastatic adenocarcinoma of unknown origin', 'Metastasis to lymph node from adenocarcinoma', 'Metastasis to lymph node from adenocarcinoma', 'Metastasis to lymph node from adenocarcinoma', 'Metastasis to lung from adenocarcinoma', 'Metastasis to lung from adenocarcinoma', 'Metastasis to lung from adenocarcinoma', 'Metastasis to liver from adenocarcinoma', 'Metastasis to liver from adenocarcinoma', 'Metastasis to liver from adenocarcinoma', 'Secondary adenocarcinoma of kidney', 'Secondary adenocarcinoma of bone', 'Secondary adenocarcinoma of bilateral lungs', 'Secondary adenocarcinoma of bilateral lungs', 'Secondary adenocarcinoma of bilateral lungs', 'Metastatic gastroesophageal adenocarcinoma']",Krukenberg tumor || Metastasis to ovary of unknown primary || Metastatic adenocarcinoma of unknown origin || Metastasis to lymph node from adenocarcinoma || Metastasis to lung from adenocarcinoma || Metastasis to liver from adenocarcinoma || Secondary adenocarcinoma of kidney || Secondary adenocarcinoma of bone || Secondary adenocarcinoma of bilateral lungs || Metastatic gastroesophageal adenocarcinoma,C0022790 || C0563512 || C0585135 || C3266221 || C3494606 || C3494607 || C3661544 || C4302536 || C4302955 || C4721207,10,10,0.0,0.06857142768326532
C0040767,Transudate,associated_morphology_of,"['C0008354', 'C0008354', 'C0008354', 'C0008354', 'C0008354', 'C0008354', 'C0343371', 'C0343371', 'C0343371', 'C0343372', 'C0343372', 'C0343372', 'C0343373', 'C0343373', 'C0343373', 'C0343374', 'C0343374', 'C0343374', 'C0349077']","['Cholera NOS', 'Cholera NOS', 'Cholera due to Vibrio cholerae', 'Cholera', 'Cholera', 'Cholera', 'Cholera due to Vibrio cholerae O1 Classical biotype', 'Cholera due to Vibrio cholerae O1 Classical biotype', 'Cholera due to Vibrio cholerae O1 Classical biotype', 'Cholera due to Vibrio cholerae El Tor', 'Cholera due to Vibrio cholerae El Tor', 'Cholera due to Vibrio cholerae El Tor', 'Cholera - non-O1 group vibrio', 'Cholera - non-O1 group vibrio', 'Cholera - non-O1 group vibrio', 'Cholera - O139 group Vibrio cholerae', 'Cholera - O139 group Vibrio cholerae', 'Cholera - O139 group Vibrio cholerae', 'Hydropericardium']",Cholera NOS || Cholera due to Vibrio cholerae || Cholera || Cholera due to Vibrio cholerae O1 Classical biotype || Cholera due to Vibrio cholerae El Tor || Cholera - non-O1 group vibrio || Cholera - O139 group Vibrio cholerae || Hydropericardium,C0008354 || C0008354 || C0008354 || C0343371 || C0343372 || C0343373 || C0343374 || C0349077,8,8,0.0,0.0
C0035290,Reticulohistiocytic granuloma,associated_morphology_of,"['C0035290', 'C0311284', 'C0311284', 'C1275337']","['Solitary reticulohistiocytoma', 'Lipoid dermatoarthritis', 'Lipoid dermatoarthritis', 'Cutaneous reticulohistiocytosis']",Solitary reticulohistiocytoma || Lipoid dermatoarthritis || Cutaneous reticulohistiocytosis,C0035290 || C0311284 || C1275337,3,3,0.0,0.0
C0206641,Osteochondromatosis,associated_morphology_of,['C0015306'],['Multiple congenital exostosis'],Multiple congenital exostosis,C0015306,1,1,0.0,0.0
C0333798,Poikilocyte,associated_morphology_of,['C0221281'],['Poikilocytosis'],Poikilocytosis,C0221281,1,1,0.0,0.0
C4708119,Dorsal dislocation,associated_morphology_of,"['C0240912', 'C0435597', 'C1860446', 'C2930867', 'C4721058', 'C4721059']","['Congenital vertical talus', ""Dorsal Barton's fracture"", 'Bilateral congenital vertical talus', 'External auditory canal atresia, vertical talus, hypertelorism syndrome', 'Congenital vertical talus of right foot', 'Congenital vertical talus of left foot']","Congenital vertical talus || Dorsal Barton's fracture || Bilateral congenital vertical talus || External auditory canal atresia, vertical talus, hypertelorism syndrome || Congenital vertical talus of right foot || Congenital vertical talus of left foot",C0240912 || C0435597 || C1860446 || C2930867 || C4721058 || C4721059,6,6,0.0,0.06666666586666668
C0333585,Immunoglobulin deposit,associated_morphology_of,"['C0406650', 'C0406652', 'C0494827', 'C1274955', 'C1304228', 'C1304229', 'C1563148']","['Linear IgA dermatosis', 'Adult linear immunoglobulin A disease', 'Chronic bullous dermatosis of childhood', 'Drug-induced linear IgA disease', 'Cicatrizing conjunctivitis due to linear IgA disease', 'Oral mucosal involvement by linear IgA disease', 'Linear IgA cicatrizing conjunctivitis']",Linear IgA dermatosis || Adult linear immunoglobulin A disease || Chronic bullous dermatosis of childhood || Drug-induced linear IgA disease || Cicatrizing conjunctivitis due to linear IgA disease || Oral mucosal involvement by linear IgA disease || Linear IgA cicatrizing conjunctivitis,C0406650 || C0406652 || C0494827 || C1274955 || C1304228 || C1304229 || C1563148,7,7,0.0,0.040816325947521874
C1265693,"Amputated structure, complete",associated_morphology_of,['C4518760'],['Traumatic amputation of entire scrotum'],Traumatic amputation of entire scrotum,C4518760,1,1,0.0,0.0
C0332603,Leonine facies,associated_morphology_of,"['C0086544', 'C0275672', 'C0432272']","['Leontiasis ossium', 'Leontiasis', 'Hyperphosphatasemia tarda']",Leontiasis ossium || Leontiasis || Hyperphosphatasemia tarda,C0086544 || C0275672 || C0432272,3,3,0.0,0.0
C1370889,"Liposarcoma, well differentiated",associated_morphology_of,"['C0334469', 'C1275274', 'C1275275']","['Sclerosing liposarcoma', 'Adipocytic liposarcoma', 'Spindle cell liposarcoma']",Sclerosing liposarcoma || Adipocytic liposarcoma || Spindle cell liposarcoma,C0334469 || C1275274 || C1275275,3,3,0.0,0.0
C0024307,Angiocentric immunoproliferative lesion,associated_morphology_of,"['C0024307', 'C0024307', 'C1260886', 'C1260886']","['Lymphomatoid granulomatosis', 'Lymphomatoid granulomatosis', 'Lymphomatoid granulomatosis of lung', 'Lymphomatoid granulomatosis of lung']",Lymphomatoid granulomatosis || Lymphomatoid granulomatosis of lung,C0024307 || C1260886,2,2,0.0,0.0
C0442859,Intravascular obstruction,associated_morphology_of,"['C0265094', 'C0265094', 'C1313902', 'C4510104', 'C4510105', 'C4510139', 'C4510140', 'C4510141', 'C4510142', 'C4510526']","['Multiple AND bilateral precerebral artery obstruction', 'Multiple AND bilateral precerebral artery obstruction', 'Acute mesenteric arterial occlusion', 'Arterial obstruction due to nonthrombotic embolism from heart', 'Arterial obstruction due to thrombotic embolism from aneurysm of artery', 'Acute occlusion of aortoiliac artery co-occurrent and due to thromboembolus', 'Acute occlusion of aortoiliac artery due to thrombosis', 'Acute occlusion of artery of lower limb co-occurrent and due to thromboembolus', 'Acute occlusion of artery of lower limb due to thrombosis', 'Arterial obstruction due to thrombotic embolism from mural thrombus of heart']",Multiple AND bilateral precerebral artery obstruction || Acute mesenteric arterial occlusion || Arterial obstruction due to nonthrombotic embolism from heart || Arterial obstruction due to thrombotic embolism from aneurysm of artery || Acute occlusion of aortoiliac artery co-occurrent and due to thromboembolus || Acute occlusion of aortoiliac artery due to thrombosis || Acute occlusion of artery of lower limb co-occurrent and due to thromboembolus || Acute occlusion of artery of lower limb due to thrombosis || Arterial obstruction due to thrombotic embolism from mural thrombus of heart,C0265094 || C1313902 || C4510104 || C4510105 || C4510139 || C4510140 || C4510141 || C4510142 || C4510526,9,9,0.0,0.08561253424238807
C0206717,Esthesioneuroblastoma,associated_morphology_of,"['C0206717', 'C0206717']","['Olfactory neuroblastoma', 'Olfactory neuroblastoma']",Olfactory neuroblastoma,C0206717,1,1,0.0,0.0
C0332975,Congenital capillary proliferation,associated_morphology_of,"['C0038505', 'C0235752', 'C0235752', 'C0235752', 'C0235752', 'C0235752', 'C0265982', 'C0265982', 'C0346068', 'C0346069', 'C0346069', 'C0392475']","['Sturge-Weber syndrome', 'Port-wine stain of skin', 'Salmon patch nevus', 'Salmon patch nevus', 'Port-wine stain of skin', 'Port-wine stain of skin', 'Nevus anemicus', 'Nevus anemicus', ""Cobb's syndrome"", ""Bregeat's syndrome"", ""Bregeat's syndrome"", 'Roberts-SC phocomelia syndrome']",Sturge-Weber syndrome || Port-wine stain of skin || Salmon patch nevus || Nevus anemicus || Cobb's syndrome || Bregeat's syndrome || Roberts-SC phocomelia syndrome,C0038505 || C0235752 || C0235752 || C0265982 || C0346068 || C0346069 || C0392475,7,7,0.0,0.0
C0332947,Congenital forward deviation,associated_morphology_of,"['C0033324', 'C0033324', 'C0033324', 'C0033324', 'C0265602', 'C0265602', 'C0266076', 'C0266076', 'C0266076', 'C0266076', 'C0266076', 'C0266076', 'C0266076', 'C0266076', 'C0266076', 'C0266076', 'C0266076', 'C0266076', 'C0266076', 'C0266076', 'C0266076', 'C0399526', 'C0399526', 'C0399526', 'C0399526', 'C0399526', 'C0399526', 'C0399526', 'C0399526', 'C0399526', 'C0399526', 'C0399526', 'C0399526', 'C0399526', 'C0399526', 'C0399526']","['Prognathism NOS', 'Prognathism NOS', 'Congenital prognathism', 'Congenital prognathism', 'Manus flexa', 'Manus flexa', 'Maxillary prognathism', 'Maxillary prognathism', 'Maxillary prognathism', 'Maxillary prognathism', 'Maxillary prognathism', 'Maxillary prognathism', 'Maxillary prognathism', 'Maxillary prognathism', 'Maxillary prognathism', 'Maxillary prognathism', 'Maxillary prognathism', 'Maxillary prognathism', 'Maxillary prognathism', 'Maxillary prognathism', 'Maxillary prognathism', 'Mandibular prognathism', 'Mandibular prognathism', 'Mandibular prognathism', 'Mandibular prognathism', 'Mandibular prognathism', 'Mandibular prognathism', 'Mandibular prognathism', 'Mandibular prognathism', 'Mandibular prognathism', 'Mandibular prognathism', 'Mandibular prognathism', 'Mandibular prognathism', 'Mandibular prognathism', 'Mandibular prognathism', 'Mandibular prognathism']",Prognathism NOS || Congenital prognathism || Manus flexa || Maxillary prognathism || Mandibular prognathism,C0033324 || C0033324 || C0265602 || C0266076 || C0399526,5,5,0.0,0.07999999904000002
C0333249,Subepidermal edema,associated_morphology_of,['C1299926'],['Exudative diathesis'],Exudative diathesis,C1299926,1,1,0.0,0.0
C0333309,Chronic superficial ulcer,associated_morphology_of,"['C0085652', 'C0406687', 'C1275022', 'C1858361']","['Pyoderma gangrenosum', 'Bullous pyoderma', 'Parastomal pyoderma gangrenosum', 'Pyogenic arthritis, pyoderma gangrenosum, acne syndrome']","Pyoderma gangrenosum || Bullous pyoderma || Parastomal pyoderma gangrenosum || Pyogenic arthritis, pyoderma gangrenosum, acne syndrome",C0085652 || C0406687 || C1275022 || C1858361,4,4,0.0,0.0
C0333113,Sacculation,associated_morphology_of,"['C0031094', 'C4511667']","['Periodontal pocket', 'Peritoneal pockets and endometriosis']",Periodontal pocket || Peritoneal pockets and endometriosis,C0031094 || C4511667,2,2,0.0,0.0
C0369668,Microcyte,associated_morphology_of,['C0271902'],['Microcytic normochromic anemia'],Microcytic normochromic anemia,C0271902,1,1,0.0,0.0
C4518825,Lentiginous melanocytic nevus,associated_morphology_of,['C1304488'],['Nevoid lentiginosis'],Nevoid lentiginosis,C1304488,1,1,0.0,0.0
C1265761,"Abnormal curvature, compound curve",associated_morphology_of,['C0158505'],['Thoracogenic scoliosis'],Thoracogenic scoliosis,C0158505,1,1,0.0,0.0
C0332725,"Fracture, closed, incomplete",associated_morphology_of,"['C1998303', 'C1998303']","['Closed torus fracture of radius', 'Closed torus fracture of radius']",Closed torus fracture of radius,C1998303,1,1,0.0,0.0
C0544995,Basement membrane thickening,associated_morphology_of,"['C0271288', 'C0271674', 'C0403435', 'C0403437', 'C0403437']","['Corneal guttata', 'Asymmetric proximal motor neuropathy due to diabetes mellitus', 'Membranous glomerulonephritis - stage I', 'Membranous glomerulonephritis - stage III', 'Membranous glomerulonephritis - stage III']",Corneal guttata || Asymmetric proximal motor neuropathy due to diabetes mellitus || Membranous glomerulonephritis - stage I || Membranous glomerulonephritis - stage III,C0271288 || C0271674 || C0403435 || C0403437,4,4,0.0,0.0
C0334232,"Epithelioma, benign",associated_morphology_of,"['C0346027', 'C2939441', 'C2939441', 'C2939441']","['Eccrine epithelioma', 'Sebaceous epithelioma', 'Sebaceous epithelioma', 'Sebaceous epithelioma']",Eccrine epithelioma || Sebaceous epithelioma,C0346027 || C2939441,2,2,0.0,0.0
C2959907,Palisading granuloma,associated_morphology_of,['C5230258'],['Necrobiotic granulomatous skin disorder'],Necrobiotic granulomatous skin disorder,C5230258,1,1,0.0,0.0
C0037888,Spherocyte,associated_morphology_of,"['C0037889', 'C0037889', 'C0272032', 'C0272032', 'C0272032', 'C0272032', 'C0272032', 'C0272032', 'C0272032', 'C0272032', 'C0272032', 'C0272032', 'C0272032', 'C0272032', 'C0272033', 'C0272033', 'C0272033', 'C0272033', 'C0272033', 'C0272033', 'C0272033', 'C0272033', 'C0272033', 'C0272033', 'C0272033', 'C0272033', 'C0272034', 'C0272034', 'C0272034', 'C0272034', 'C0272034', 'C0272034', 'C0272034', 'C0272034', 'C0272034', 'C0272034', 'C0272034', 'C0272034', 'C0272035', 'C0272035', 'C0272035', 'C0272035', 'C0272035', 'C0272035', 'C0272035', 'C0272035', 'C0272035', 'C0272035', 'C0272035', 'C0272035', 'C0272036', 'C0272036', 'C0272036', 'C0272036', 'C0272036', 'C0272036', 'C0272036', 'C0272036', 'C0272036', 'C0272036', 'C0272036', 'C0272036', 'C0272037', 'C0272037', 'C0272037', 'C0272037', 'C0272037', 'C0272037', 'C0272037', 'C0272037', 'C0272037', 'C0272037', 'C0272037', 'C0272037', 'C0272038', 'C0272038', 'C0272038', 'C0272038', 'C0272038', 'C0272038', 'C0272038', 'C0272038', 'C0272038', 'C0272038', 'C0272038', 'C0272038', 'C0272039', 'C0272039', 'C0272039', 'C0272039', 'C0272039', 'C0272039', 'C0272039', 'C0272039', 'C0272039', 'C0272039', 'C0272039', 'C0272039', 'C0553720']","['Hereditary spherocytosis', 'Hereditary spherocytosis', 'Hereditary spherocytosis due to spectrin deficiency', 'Hereditary spherocytosis due to spectrin deficiency', 'Hereditary spherocytosis due to spectrin deficiency', 'Hereditary spherocytosis due to spectrin deficiency', 'Hereditary spherocytosis due to spectrin deficiency', 'Hereditary spherocytosis due to spectrin deficiency', 'Hereditary spherocytosis due to spectrin deficiency', 'Hereditary spherocytosis due to spectrin deficiency', 'Hereditary spherocytosis due to spectrin deficiency', 'Hereditary spherocytosis due to spectrin deficiency', 'Hereditary spherocytosis due to spectrin deficiency', 'Hereditary spherocytosis due to spectrin deficiency', 'Mild hereditary spherocytosis due to spectrin deficiency', 'Mild hereditary spherocytosis due to spectrin deficiency', 'Mild hereditary spherocytosis due to spectrin deficiency', 'Mild hereditary spherocytosis due to spectrin deficiency', 'Mild hereditary spherocytosis due to spectrin deficiency', 'Mild hereditary spherocytosis due to spectrin deficiency', 'Mild hereditary spherocytosis due to spectrin deficiency', 'Mild hereditary spherocytosis due to spectrin deficiency', 'Mild hereditary spherocytosis due to spectrin deficiency', 'Mild hereditary spherocytosis due to spectrin deficiency', 'Mild hereditary spherocytosis due to spectrin deficiency', 'Mild hereditary spherocytosis due to spectrin deficiency', 'Severe hereditary spherocytosis due to spectrin deficiency', 'Severe hereditary spherocytosis due to spectrin deficiency', 'Severe hereditary spherocytosis due to spectrin deficiency', 'Severe hereditary spherocytosis due to spectrin deficiency', 'Severe hereditary spherocytosis due to spectrin deficiency', 'Severe hereditary spherocytosis due to spectrin deficiency', 'Severe hereditary spherocytosis due to spectrin deficiency', 'Severe hereditary spherocytosis due to spectrin deficiency', 'Severe hereditary spherocytosis due to spectrin deficiency', 'Severe hereditary spherocytosis due to spectrin deficiency', 'Severe hereditary spherocytosis due to spectrin deficiency', 'Severe hereditary spherocytosis due to spectrin deficiency', 'Hereditary spherocytosis due to combined deficiency of spectrin AND ankyrin', 'Hereditary spherocytosis due to combined deficiency of spectrin AND ankyrin', 'Hereditary spherocytosis due to combined deficiency of spectrin AND ankyrin', 'Hereditary spherocytosis due to combined deficiency of spectrin AND ankyrin', 'Hereditary spherocytosis due to combined deficiency of spectrin AND ankyrin', 'Hereditary spherocytosis due to combined deficiency of spectrin AND ankyrin', 'Hereditary spherocytosis due to combined deficiency of spectrin AND ankyrin', 'Hereditary spherocytosis due to combined deficiency of spectrin AND ankyrin', 'Hereditary spherocytosis due to combined deficiency of spectrin AND ankyrin', 'Hereditary spherocytosis due to combined deficiency of spectrin AND ankyrin', 'Hereditary spherocytosis due to combined deficiency of spectrin AND ankyrin', 'Hereditary spherocytosis due to combined deficiency of spectrin AND ankyrin', 'Mild hereditary spherocytosis due to combined deficiency of spectrin AND ankyrin', 'Mild hereditary spherocytosis due to combined deficiency of spectrin AND ankyrin', 'Mild hereditary spherocytosis due to combined deficiency of spectrin AND ankyrin', 'Mild hereditary spherocytosis due to combined deficiency of spectrin AND ankyrin', 'Mild hereditary spherocytosis due to combined deficiency of spectrin AND ankyrin', 'Mild hereditary spherocytosis due to combined deficiency of spectrin AND ankyrin', 'Mild hereditary spherocytosis due to combined deficiency of spectrin AND ankyrin', 'Mild hereditary spherocytosis due to combined deficiency of spectrin AND ankyrin', 'Mild hereditary spherocytosis due to combined deficiency of spectrin AND ankyrin', 'Mild hereditary spherocytosis due to combined deficiency of spectrin AND ankyrin', 'Mild hereditary spherocytosis due to combined deficiency of spectrin AND ankyrin', 'Mild hereditary spherocytosis due to combined deficiency of spectrin AND ankyrin', 'Severe hereditary spherocytosis due to combined deficiency of spectrin AND ankyrin', 'Severe hereditary spherocytosis due to combined deficiency of spectrin AND ankyrin', 'Severe hereditary spherocytosis due to combined deficiency of spectrin AND ankyrin', 'Severe hereditary spherocytosis due to combined deficiency of spectrin AND ankyrin', 'Severe hereditary spherocytosis due to combined deficiency of spectrin AND ankyrin', 'Severe hereditary spherocytosis due to combined deficiency of spectrin AND ankyrin', 'Severe hereditary spherocytosis due to combined deficiency of spectrin AND ankyrin', 'Severe hereditary spherocytosis due to combined deficiency of spectrin AND ankyrin', 'Severe hereditary spherocytosis due to combined deficiency of spectrin AND ankyrin', 'Severe hereditary spherocytosis due to combined deficiency of spectrin AND ankyrin', 'Severe hereditary spherocytosis due to combined deficiency of spectrin AND ankyrin', 'Severe hereditary spherocytosis due to combined deficiency of spectrin AND ankyrin', 'Hereditary spherocytosis due to deficiency of protein 4.2', 'Hereditary spherocytosis due to deficiency of protein 4.2', 'Hereditary spherocytosis due to deficiency of protein 4.2', 'Hereditary spherocytosis due to deficiency of protein 4.2', 'Hereditary spherocytosis due to deficiency of protein 4.2', 'Hereditary spherocytosis due to deficiency of protein 4.2', 'Hereditary spherocytosis due to deficiency of protein 4.2', 'Hereditary spherocytosis due to deficiency of protein 4.2', 'Hereditary spherocytosis due to deficiency of protein 4.2', 'Hereditary spherocytosis due to deficiency of protein 4.2', 'Hereditary spherocytosis due to deficiency of protein 4.2', 'Hereditary spherocytosis due to deficiency of protein 4.2', 'Hereditary spherocytosis due to beta spectrin defect', 'Hereditary spherocytosis due to beta spectrin defect', 'Hereditary spherocytosis due to beta spectrin defect', 'Hereditary spherocytosis due to beta spectrin defect', 'Hereditary spherocytosis due to beta spectrin defect', 'Hereditary spherocytosis due to beta spectrin defect', 'Hereditary spherocytosis due to beta spectrin defect', 'Hereditary spherocytosis due to beta spectrin defect', 'Hereditary spherocytosis due to beta spectrin defect', 'Hereditary spherocytosis due to beta spectrin defect', 'Hereditary spherocytosis due to beta spectrin defect', 'Hereditary spherocytosis due to beta spectrin defect', 'Spherocytosis']",Hereditary spherocytosis || Hereditary spherocytosis due to spectrin deficiency || Mild hereditary spherocytosis due to spectrin deficiency || Severe hereditary spherocytosis due to spectrin deficiency || Hereditary spherocytosis due to combined deficiency of spectrin AND ankyrin || Mild hereditary spherocytosis due to combined deficiency of spectrin AND ankyrin || Severe hereditary spherocytosis due to combined deficiency of spectrin AND ankyrin || Hereditary spherocytosis due to deficiency of protein 4.2 || Hereditary spherocytosis due to beta spectrin defect || Spherocytosis,C0037889 || C0272032 || C0272033 || C0272034 || C0272035 || C0272036 || C0272037 || C0272038 || C0272039 || C0553720,10,10,0.0,0.0
C1510502,Oxyphilic adenoma,associated_morphology_of,"['C0346255', 'C0346255', 'C0346255', 'C1335906', 'C1335906', 'C4304519', 'C4304520', 'C5437927', 'C5437927']","['Oncocytoma of kidney', 'Oncocytoma of kidney', 'Oncocytoma of kidney', 'Benign oncocytoma of salivary gland', 'Benign oncocytoma of salivary gland', 'Oncocytoma of right kidney', 'Oncocytoma of left kidney', 'Bilateral oncocytoma of kidneys', 'Bilateral oncocytoma of kidneys']",Oncocytoma of kidney || Benign oncocytoma of salivary gland || Oncocytoma of right kidney || Oncocytoma of left kidney || Bilateral oncocytoma of kidneys,C0346255 || C1335906 || C4304519 || C4304520 || C5437927,5,5,0.0,0.0
C1265699,"Amputated structure, traumatic, complete",associated_morphology_of,"['C2832752', 'C4302026', 'C4303410', 'C4518757', 'C4518759', 'C4518763']","['Complete traumatic amputation of nose', 'Traumatic amputation of entire breast', 'Complete traumatic amputation of external ear', 'Traumatic amputation of entire penis', 'Traumatic amputation of entire testis', 'Traumatic amputation of entire vulva']",Complete traumatic amputation of nose || Traumatic amputation of entire breast || Complete traumatic amputation of external ear || Traumatic amputation of entire penis || Traumatic amputation of entire testis || Traumatic amputation of entire vulva,C2832752 || C4302026 || C4303410 || C4518757 || C4518759 || C4518763,6,6,0.0,0.07037036874732515
C0021386,Necrotizing granulomatous inflammation,associated_morphology_of,"['C0008728', 'C0152524', 'C0152661', 'C0338439', 'C0338589', 'C0858477', 'C3532884', 'C3532885', 'C3532887', 'C3532888']","['Eosinophilic granulomatosis with polyangiitis', 'Primary tuberculous complex', 'Tuberculoma of meninges', 'Tuberculoma of spinal cord', 'Granulomatous angiitis of central nervous system', 'Primary tuberculous complex confirmed histologically', 'Primary tuberculous complex confirmed by culture', 'Primary tuberculous complex confirmed by microscopic examination', 'Primary tuberculous complex confirmed', 'Primary tuberculous complex with bacteriological or histological examination results unknown']",Eosinophilic granulomatosis with polyangiitis || Primary tuberculous complex || Tuberculoma of meninges || Tuberculoma of spinal cord || Granulomatous angiitis of central nervous system || Primary tuberculous complex confirmed histologically || Primary tuberculous complex confirmed by culture || Primary tuberculous complex confirmed by microscopic examination || Primary tuberculous complex confirmed || Primary tuberculous complex with bacteriological or histological examination results unknown,C0008728 || C0152524 || C0152661 || C0338439 || C0338589 || C0858477 || C3532884 || C3532885 || C3532887 || C3532888,10,10,0.0,0.022222221777777783
C0521164,Annular shape,associated_morphology_of,['C0263358'],['Erythema annulare centrifugum'],Erythema annulare centrifugum,C0263358,1,1,0.0,0.0
C0878675,Erdheim-Chester disease,associated_morphology_of,['C0878675'],['Polyostotic sclerosing histiocytosis'],Polyostotic sclerosing histiocytosis,C0878675,1,1,0.0,0.0
C0332940,Incomplete transposition,associated_morphology_of,"['C0013069', 'C0013069', 'C0013069', 'C0013069', 'C0013069', 'C0013069', 'C0344639', 'C0344639', 'C0344639', 'C0344644', 'C0344644', 'C1956410', 'C1956410', 'C1956411', 'C1956411', 'C3165091']","['Double outlet right ventricle NOS', 'Double outlet right ventricle NOS', 'Double outlet right ventricle, unspecified', 'Double outlet right ventricle, unspecified', 'Double outlet right ventricle', 'Double outlet right ventricle', 'Incomplete great vessel transposition', 'Incomplete great vessel transposition', 'Incomplete great vessel transposition', 'Double outlet right ventricle with doubly committed ventricular septal defect', 'Double outlet right ventricle with doubly committed ventricular septal defect', 'Double outlet right ventricle with noncommitted ventricular septal defect', 'Double outlet right ventricle with noncommitted ventricular septal defect', 'Double outlet right ventricle with subaortic ventricular septal defect', 'Double outlet right ventricle with subaortic ventricular septal defect', 'Double outlet right ventricle with doubly committed ventricular septal defect and pulmonary stenosis']","Double outlet right ventricle NOS || Double outlet right ventricle, unspecified || Double outlet right ventricle || Incomplete great vessel transposition || Double outlet right ventricle with doubly committed ventricular septal defect || Double outlet right ventricle with noncommitted ventricular septal defect || Double outlet right ventricle with subaortic ventricular septal defect || Double outlet right ventricle with doubly committed ventricular septal defect and pulmonary stenosis",C0013069 || C0013069 || C0013069 || C0344639 || C0344644 || C1956410 || C1956411 || C3165091,8,8,0.0,0.08333333277777778
C3872807,Mechanical lesion,associated_morphology_of,"['C0024441', 'C2216390', 'C2216390', 'C2216396', 'C2216398', 'C2733564', 'C4302992', 'C4302993', 'C4544116']","['Macular hole', 'Bilateral macular hole of eyes', 'Bilateral macular hole of eyes', 'Macular hole of left eye', 'Macular hole of right eye', 'Full thickness hole of macula lutea', 'Full thickness macular hole of right eye', 'Full thickness macular hole of left eye', 'Traumatic macular hole']",Macular hole || Bilateral macular hole of eyes || Macular hole of left eye || Macular hole of right eye || Full thickness hole of macula lutea || Full thickness macular hole of right eye || Full thickness macular hole of left eye || Traumatic macular hole,C0024441 || C2216390 || C2216396 || C2216398 || C2733564 || C4302992 || C4302993 || C4544116,8,8,0.0,0.0
C0024899,Mast cell hyperplasia,associated_morphology_of,['C0272205'],['Reactive mastocytosis'],Reactive mastocytosis,C0272205,1,1,0.0,0.0
C0085400,Neurofibrillary degeneration,associated_morphology_of,['C0276547'],['AIDS with presenile dementia'],AIDS with presenile dementia,C0276547,1,1,0.0,0.0
C0522574,Deposition of uric acid crystals,associated_morphology_of,['C1304481'],['Panniculitis due to hyperuricemia'],Panniculitis due to hyperuricemia,C1304481,1,1,0.0,0.0
C0010840,Vacuolation,associated_morphology_of,"['C0268238', 'C0268238', 'C0546391', 'C0546391', 'C0546391', 'C5230812']","['Triglyceride storage disease with ichthyosis', 'Triglyceride storage disease with ichthyosis', 'Armanni-Ebstein kidney', 'Armanni-Ebstein kidney', 'Armanni-Ebstein kidney', 'Armanni-Ebstein kidney due to diabetes mellitus']",Triglyceride storage disease with ichthyosis || Armanni-Ebstein kidney || Armanni-Ebstein kidney due to diabetes mellitus,C0268238 || C0546391 || C5230812,3,3,0.0,0.0
C0333167,Intermittent obstruction,associated_morphology_of,"['C0154840', 'C0154840', 'C5396284', 'C5396285']","['Transient arterial retinal occlusion', 'Transient arterial retinal occlusion', 'Transient occlusion of left retinal artery', 'Transient occlusion of right retinal artery']",Transient arterial retinal occlusion || Transient occlusion of left retinal artery || Transient occlusion of right retinal artery,C0154840 || C5396284 || C5396285,3,3,0.0,0.0
C0029894,Structure of otoconia,associated_morphology_of,['C0521784'],['Otolith disease'],Otolith disease,C0521784,1,1,0.0,0.0
C0010606,Cylindroma,associated_morphology_of,"['C0345945', 'C0345945']","['Adenoid cystic carcinoma of trachea', 'Adenoid cystic carcinoma of trachea']",Adenoid cystic carcinoma of trachea,C0345945,1,1,0.0,0.0
C0333136,Communicating cerebrospinal fluid retention,associated_morphology_of,"['C0033845', 'C0033845', 'C3698423', 'C3698473']","['Benign intracranial hypertension', 'Benign intracranial hypertension', 'Benign intracranial hypertension due to hypervitaminosis A', 'Benign intracranial hypertension due to drug']",Benign intracranial hypertension || Benign intracranial hypertension due to hypervitaminosis A || Benign intracranial hypertension due to drug,C0033845 || C3698423 || C3698473,3,3,0.0,0.0
C0474842,Nervous system tumor morphology,associated_morphology_of,"['C0161823', 'C0346055', 'C0346055', 'C0346056', 'C0431126', 'C0431126', 'C1275258', 'C1275258', 'C1275259', 'C1275259', 'C1275260', 'C1275260', 'C3489398']","['Traumatic neuroma', 'Skin tumor of neural origin', 'Skin tumor of neural origin', 'Neuromuscular hamartoma', 'Palisaded encapsulated neuroma', 'Palisaded encapsulated neuroma', 'Cutaneous neuroma', 'Cutaneous neuroma', 'Digital pacinian neuroma', 'Digital pacinian neuroma', 'Cutaneous meningioma', 'Cutaneous meningioma', 'Peripheral neuroepithelioma']",Traumatic neuroma || Skin tumor of neural origin || Neuromuscular hamartoma || Palisaded encapsulated neuroma || Cutaneous neuroma || Digital pacinian neuroma || Cutaneous meningioma || Peripheral neuroepithelioma,C0161823 || C0346055 || C0346056 || C0431126 || C1275258 || C1275259 || C1275260 || C3489398,8,8,0.0,0.02777777716049384
C1265705,"Anastomosis, leaking",associated_morphology_of,"['C0341562', 'C0341562', 'C0341563', 'C0341563', 'C0341564', 'C0341564', 'C0341565', 'C0341565', 'C0341566', 'C0341566', 'C0341568', 'C0341568', 'C0341569', 'C0341569', 'C0401006', 'C0401006']","['Gastrointestinal anastomotic leak', 'Gastrointestinal anastomotic leak', 'Esophageal anastomotic leak', 'Esophageal anastomotic leak', 'Gastric anastomotic leak', 'Gastric anastomotic leak', 'Duodenal anastomotic leak', 'Duodenal anastomotic leak', 'Duodenal stump leak', 'Duodenal stump leak', 'Small intestine anastomotic leak', 'Small intestine anastomotic leak', 'Large intestine anastomotic leak', 'Large intestine anastomotic leak', 'Biliary anastomotic leak', 'Biliary anastomotic leak']",Gastrointestinal anastomotic leak || Esophageal anastomotic leak || Gastric anastomotic leak || Duodenal anastomotic leak || Duodenal stump leak || Small intestine anastomotic leak || Large intestine anastomotic leak || Biliary anastomotic leak,C0341562 || C0341563 || C0341564 || C0341565 || C0341566 || C0341568 || C0341569 || C0401006,8,8,0.0,0.0
C0024419,Waldenstrom's macroglobulinemia,associated_morphology_of,['C0024419'],['Waldenström macroglobulinaemia (clinical)'],Waldenström macroglobulinaemia (clinical),C0024419,1,1,0.0,0.0
C0522586,Reactive cellular changes associated with atrophy,associated_morphology_of,"['C0221392', 'C0221392', 'C1319517', 'C1319517']","['Atrophic vaginitis', 'Atrophic vaginitis', 'Perimenopausal atrophic vaginitis', 'Perimenopausal atrophic vaginitis']",Atrophic vaginitis || Perimenopausal atrophic vaginitis,C0221392 || C1319517,2,2,0.0,0.0
C5200930,Anisochromia,associated_morphology_of,['C0427473'],['Dimorphic red blood cell population'],Dimorphic red blood cell population,C0427473,1,1,0.0,0.0
C0332566,Maculopapule,associated_morphology_of,"['C0153243', 'C0153244', 'C0275755', 'C0343836', 'C0343837', 'C0343838', 'C0406391']","['Late cutaneous pinta', 'Mixed cutaneous pinta lesion', 'Achromic AND hyperchromic skin lesions of pinta', 'Achromic skin lesions of pinta', 'Dyschromic skin lesions of pinta', 'Cicatricial skin lesions of pinta', 'Maculopapular sarcoidosis']",Late cutaneous pinta || Mixed cutaneous pinta lesion || Achromic AND hyperchromic skin lesions of pinta || Achromic skin lesions of pinta || Dyschromic skin lesions of pinta || Cicatricial skin lesions of pinta || Maculopapular sarcoidosis,C0153243 || C0153244 || C0275755 || C0343836 || C0343837 || C0343838 || C0406391,7,7,0.0,0.0
C1562112,"Glioma, uncertain whether benign or malignant",associated_morphology_of,"['C0339554', 'C0339554', 'C0339554', 'C0346326', 'C0346326', 'C1321316', 'C1532838', 'C1532838', 'C1562652', 'C1562652', 'C1562652', 'C3839819']","['Intraocular optic nerve glioma', 'Intraocular optic nerve glioma', 'Intraocular optic nerve glioma', 'Optic nerve glioma', 'Optic nerve glioma', 'Malignant optic glioma', 'Optic nerve glioma of orbit', 'Optic nerve glioma of orbit', 'Intracranial optic nerve glioma', 'Intracranial optic nerve glioma', 'Intracranial optic nerve glioma', 'Malignant optic glioma of adulthood']",Intraocular optic nerve glioma || Optic nerve glioma || Malignant optic glioma || Optic nerve glioma of orbit || Intracranial optic nerve glioma || Malignant optic glioma of adulthood,C0339554 || C0346326 || C1321316 || C1532838 || C1562652 || C3839819,6,6,0.0,0.06734006577288035
C0332691,Scalding injury,associated_morphology_of,"['C0332691', 'C0332691', 'C0562107', 'C0562107', 'C0565936', 'C0565936', 'C0600045', 'C0600045', 'C2959372', 'C2959372']","['Scald of skin', 'Scald of skin', 'Hot water burn of skin', 'Hot water burn of skin', 'Hot drink burn of skin', 'Hot drink burn of skin', 'Burn by hot liquid', 'Burn by hot liquid', 'Scald of face', 'Scald of face']",Scald of skin || Hot water burn of skin || Hot drink burn of skin || Burn by hot liquid || Scald of face,C0332691 || C0562107 || C0565936 || C0600045 || C2959372,5,5,0.0,0.0
C0677608,Chorangioma,associated_morphology_of,"['C0543592', 'C0543592', 'C0677608', 'C0677608']","['Placental hemangioma syndrome', 'Placental hemangioma syndrome', 'Chorioangioma', 'Chorioangioma']",Placental hemangioma syndrome || Chorioangioma,C0543592 || C0677608,2,2,0.0,0.0
C0018923,Hemangiosarcoma,associated_morphology_of,"['C0018923', 'C0345907', 'C0345907', 'C0345907', 'C0346081', 'C0346081', 'C0346424', 'C0346424', 'C3163985', 'C4280869', 'C4303267', 'C4303268']","['Angiosarcoma', 'Angiosarcoma of liver', 'Angiosarcoma of liver', 'Angiosarcoma of liver', 'Angiosarcoma of skin', 'Angiosarcoma of skin', 'Angiosarcoma of spleen', 'Angiosarcoma of spleen', 'Angiosarcoma of cheek', 'Angiosarcoma of skin of cheek', 'Primary angiosarcoma of breast', 'Primary angiosarcoma of heart']",Angiosarcoma || Angiosarcoma of liver || Angiosarcoma of skin || Angiosarcoma of spleen || Angiosarcoma of cheek || Angiosarcoma of skin of cheek || Primary angiosarcoma of breast || Primary angiosarcoma of heart,C0018923 || C0345907 || C0346081 || C0346424 || C3163985 || C4280869 || C4303267 || C4303268,8,8,0.0,0.0
C0043020,Wallerian degeneration,associated_morphology_of,['C0234128'],['Dying back phenomenon'],Dying back phenomenon,C0234128,1,1,0.0,0.0
C0333532,Putrefaction,associated_morphology_of,['C0264344'],['Septic bronchitis'],Septic bronchitis,C0264344,1,1,0.0,0.0
C0332526,Abnormal thickness,associated_morphology_of,['C0334008'],['Thickening of skin'],Thickening of skin,C0334008,1,1,0.0,0.0
C0332561,Fibrous nodule,associated_morphology_of,"['C0342652', 'C0410005', 'C0410005', 'C0432529', 'C1275234', 'C1275235', 'C1302753']","['Ossifying fasciitis', 'Nodular fasciitis', 'Nodular fasciitis', 'Intravascular fasciitis', 'Intradermal nodular fasciitis', 'Parosteal nodular fasciitis', 'Fibroblastic rheumatism']",Ossifying fasciitis || Nodular fasciitis || Intravascular fasciitis || Intradermal nodular fasciitis || Parosteal nodular fasciitis || Fibroblastic rheumatism,C0342652 || C0410005 || C0432529 || C1275234 || C1275235 || C1302753,6,6,0.0,0.0
C0037221,Complete transposition,associated_morphology_of,"['C0023569', 'C0023569', 'C0023569', 'C0037221', 'C0037221', 'C0037221', 'C0040761', 'C0040761', 'C0040761', 'C0266644', 'C0266645', 'C0345457']","['Levocardia', 'Isolated levocardia', 'Situs inversus with levocardia', 'Situs inversus, unspecified', 'Situs inversus NOS', 'Situs inversus viscerum', 'Complete transposition of great vessels', 'Complete transposition of great vessels', 'Complete transposition of great vessels', 'Situs inversus abdominalis', 'Situs inversus thoracis', 'Complete situs inversus with dextrocardia']","Levocardia || Isolated levocardia || Situs inversus with levocardia || Situs inversus, unspecified || Situs inversus NOS || Situs inversus viscerum || Complete transposition of great vessels || Situs inversus abdominalis || Situs inversus thoracis || Complete situs inversus with dextrocardia",C0023569 || C0023569 || C0023569 || C0037221 || C0037221 || C0037221 || C0040761 || C0266644 || C0266645 || C0345457,10,10,0.0,0.08571428489795921
C0334279,"Adenocarcinoma, intestinal type",associated_morphology_of,['C0149978'],['Adenocarcinoma of rectum'],Adenocarcinoma of rectum,C0149978,1,1,0.0,0.0
C0333584,Protein deposition,associated_morphology_of,"['C0023795', 'C0023795', 'C0023795', 'C0034050', 'C0034050', 'C0268422', 'C0311341', 'C1970472', 'C2931035', 'C3873302', 'C4302967', 'C4302967', 'C4302977', 'C4302978']","['Lipid proteinosis', 'Lipid proteinosis', 'Lipid proteinosis', 'Pulmonary alveolar proteinosis', 'Pulmonary alveolar proteinosis', 'Proteinosis', 'Pseudoexfoliation of lens capsule', 'Autoimmune pulmonary alveolar proteinosis', 'Congenital pulmonary alveolar proteinosis', 'Secondary pulmonary alveolar proteinosis', 'Pseudoexfoliation of bilateral lens capsules', 'Pseudoexfoliation of bilateral lens capsules', 'Pseudoexfoliation of right lens capsule', 'Pseudoexfoliation of left lens capsule']",Lipid proteinosis || Pulmonary alveolar proteinosis || Proteinosis || Pseudoexfoliation of lens capsule || Autoimmune pulmonary alveolar proteinosis || Congenital pulmonary alveolar proteinosis || Secondary pulmonary alveolar proteinosis || Pseudoexfoliation of bilateral lens capsules || Pseudoexfoliation of right lens capsule || Pseudoexfoliation of left lens capsule,C0023795 || C0034050 || C0268422 || C0311341 || C1970472 || C2931035 || C3873302 || C4302967 || C4302977 || C4302978,10,10,0.0,0.0
C1273670,"Carcinoma with pleomorphic, sarcomatoid or sarcomatous elements",associated_morphology_of,"['C0344459', 'C0344459']","['Malignant mixed tumor of salivary gland', 'Malignant mixed tumor of salivary gland']",Malignant mixed tumor of salivary gland,C0344459,1,1,0.0,0.0
